{
  "SpanNames" : {
    "transaction" : "SpanNames",
    "sampleCount" : 3136,
    "errorCount" : 0,
    "errorPct" : 0.0,
    "meanResTime" : 103.17761479591827,
    "medianResTime" : 96.0,
    "minResTime" : 27.0,
    "maxResTime" : 866.0,
    "pct1ResTime" : 158.0,
    "pct2ResTime" : 174.0,
    "pct3ResTime" : 210.6300000000001,
    "throughput" : 10.520983255667273,
    "receivedKBytesPerSec" : 1.4178668840645348,
    "sentKBytesPerSec" : 1.5617084520131108
  },
  "Total" : {
    "transaction" : "Total",
    "sampleCount" : 12542,
    "errorCount" : 0,
    "errorPct" : 0.0,
    "meanResTime" : 107.10891404879649,
    "medianResTime" : 101.0,
    "minResTime" : 3.0,
    "maxResTime" : 1476.0,
    "pct1ResTime" : 190.0,
    "pct2ResTime" : 209.0,
    "pct3ResTime" : 258.5699999999997,
    "throughput" : 41.81767865537925,
    "receivedKBytesPerSec" : 5.799095454511355,
    "sentKBytesPerSec" : 6.594689075414859
  },
  "ServiceNames" : {
    "transaction" : "ServiceNames",
    "sampleCount" : 3137,
    "errorCount" : 0,
    "errorPct" : 0.0,
    "meanResTime" : 175.28243544788012,
    "medianResTime" : 176.0,
    "minResTime" : 49.0,
    "maxResTime" : 1476.0,
    "pct1ResTime" : 229.0,
    "pct2ResTime" : 251.0,
    "pct3ResTime" : 286.0,
    "throughput" : 10.464480145175065,
    "receivedKBytesPerSec" : 1.5737597093329685,
    "sentKBytesPerSec" : 1.3693753314975181
  },
  "TracesQuery" : {
    "transaction" : "TracesQuery",
    "sampleCount" : 3132,
    "errorCount" : 0,
    "errorPct" : 0.0,
    "meanResTime" : 36.59418901660295,
    "medianResTime" : 26.0,
    "minResTime" : 3.0,
    "maxResTime" : 767.0,
    "pct1ResTime" : 76.0,
    "pct2ResTime" : 96.0,
    "pct3ResTime" : 139.0,
    "throughput" : 10.526704959852653,
    "receivedKBytesPerSec" : 1.3672380465433622,
    "sentKBytesPerSec" : 2.0457170771588653
  },
  "RemoteServiceNames" : {
    "transaction" : "RemoteServiceNames",
    "sampleCount" : 3137,
    "errorCount" : 0,
    "errorPct" : 0.0,
    "meanResTime" : 113.2677717564553,
    "medianResTime" : 110.0,
    "minResTime" : 27.0,
    "maxResTime" : 395.0,
    "pct1ResTime" : 165.0,
    "pct2ResTime" : 178.0,
    "pct3ResTime" : 215.6199999999999,
    "throughput" : 10.511572111663254,
    "receivedKBytesPerSec" : 1.467924621062349,
    "sentKBytesPerSec" : 1.6526983495876797
  }
}