{
  "SpanNames" : {
    "transaction" : "SpanNames",
    "sampleCount" : 4992,
    "errorCount" : 0,
    "errorPct" : 0.0,
    "meanResTime" : 1.9901842948717952,
    "medianResTime" : 2.0,
    "minResTime" : 1.0,
    "maxResTime" : 37.0,
    "pct1ResTime" : 2.0,
    "pct2ResTime" : 3.0,
    "pct3ResTime" : 3.0,
    "throughput" : 16.658768879604356,
    "receivedKBytesPerSec" : 2.228761070806442,
    "sentKBytesPerSec" : 2.4727860055662716
  },
  "Total" : {
    "transaction" : "Total",
    "sampleCount" : 19974,
    "errorCount" : 0,
    "errorPct" : 0.0,
    "meanResTime" : 4.507860218283782,
    "medianResTime" : 2.0,
    "minResTime" : 1.0,
    "maxResTime" : 70.0,
    "pct1ResTime" : 12.0,
    "pct2ResTime" : 13.0,
    "pct3ResTime" : 15.0,
    "throughput" : 66.61286234542374,
    "receivedKBytesPerSec" : 226.05978780260764,
    "sentKBytesPerSec" : 10.24527569017382
  },
  "ServiceNames" : {
    "transaction" : "ServiceNames",
    "sampleCount" : 4996,
    "errorCount" : 0,
    "errorPct" : 0.0,
    "meanResTime" : 2.1150920736589214,
    "medianResTime" : 2.0,
    "minResTime" : 1.0,
    "maxResTime" : 61.0,
    "pct1ResTime" : 3.0,
    "pct2ResTime" : 3.0,
    "pct3ResTime" : 3.0,
    "throughput" : 16.66155303282953,
    "receivedKBytesPerSec" : 2.489470326194256,
    "sentKBytesPerSec" : 2.180320416405427
  },
  "TracesQuery" : {
    "transaction" : "TracesQuery",
    "sampleCount" : 4991,
    "errorCount" : 0,
    "errorPct" : 0.0,
    "meanResTime" : 11.912843117611759,
    "medianResTime" : 12.0,
    "minResTime" : 7.0,
    "maxResTime" : 70.0,
    "pct1ResTime" : 14.0,
    "pct2ResTime" : 15.0,
    "pct3ResTime" : 16.0,
    "throughput" : 16.66043555472474,
    "receivedKBytesPerSec" : 219.2376651366366,
    "sentKBytesPerSec" : 2.9774020571431907
  },
  "RemoteServiceNames" : {
    "transaction" : "RemoteServiceNames",
    "sampleCount" : 4995,
    "errorCount" : 0,
    "errorPct" : 0.0,
    "meanResTime" : 2.0182182182182147,
    "medianResTime" : 2.0,
    "minResTime" : 1.0,
    "maxResTime" : 11.0,
    "pct1ResTime" : 3.0,
    "pct2ResTime" : 3.0,
    "pct3ResTime" : 3.0,
    "throughput" : 16.6627192089962,
    "receivedKBytesPerSec" : 2.31065051531002,
    "sentKBytesPerSec" : 2.6198220631331917
  }
}