{
  "SpanNames" : {
    "transaction" : "SpanNames",
    "sampleCount" : 4991,
    "errorCount" : 0,
    "errorPct" : 0.0,
    "meanResTime" : 1.9414946904428008,
    "medianResTime" : 2.0,
    "minResTime" : 1.0,
    "maxResTime" : 96.0,
    "pct1ResTime" : 3.0,
    "pct2ResTime" : 3.0,
    "pct3ResTime" : 4.0,
    "throughput" : 16.6640512575666,
    "receivedKBytesPerSec" : 2.2294677952017814,
    "sentKBytesPerSec" : 2.4735701085450423
  },
  "Total" : {
    "transaction" : "Total",
    "sampleCount" : 19970,
    "errorCount" : 0,
    "errorPct" : 0.0,
    "meanResTime" : 4.284727090635932,
    "medianResTime" : 2.0,
    "minResTime" : 1.0,
    "maxResTime" : 116.0,
    "pct1ResTime" : 11.0,
    "pct2ResTime" : 12.0,
    "pct3ResTime" : 15.0,
    "throughput" : 66.6026320879942,
    "receivedKBytesPerSec" : 226.0684734600434,
    "sentKBytesPerSec" : 10.243773825365697
  },
  "ServiceNames" : {
    "transaction" : "ServiceNames",
    "sampleCount" : 4995,
    "errorCount" : 0,
    "errorPct" : 0.0,
    "meanResTime" : 2.0204204204204266,
    "medianResTime" : 2.0,
    "minResTime" : 1.0,
    "maxResTime" : 113.0,
    "pct1ResTime" : 3.0,
    "pct2ResTime" : 3.0,
    "pct3ResTime" : 4.0,
    "throughput" : 16.66310831187201,
    "receivedKBytesPerSec" : 2.489702706754313,
    "sentKBytesPerSec" : 2.1805239392488756
  },
  "TracesQuery" : {
    "transaction" : "TracesQuery",
    "sampleCount" : 4991,
    "errorCount" : 0,
    "errorPct" : 0.0,
    "meanResTime" : 11.26607894209579,
    "medianResTime" : 11.0,
    "minResTime" : 7.0,
    "maxResTime" : 116.0,
    "pct1ResTime" : 13.0,
    "pct2ResTime" : 14.0,
    "pct3ResTime" : 19.0,
    "throughput" : 16.66343925907625,
    "receivedKBytesPerSec" : 219.27719142192626,
    "sentKBytesPerSec" : 2.977938851963822
  },
  "RemoteServiceNames" : {
    "transaction" : "RemoteServiceNames",
    "sampleCount" : 4993,
    "errorCount" : 0,
    "errorPct" : 0.0,
    "meanResTime" : 1.9136791508111357,
    "medianResTime" : 2.0,
    "minResTime" : 1.0,
    "maxResTime" : 63.0,
    "pct1ResTime" : 3.0,
    "pct2ResTime" : 3.0,
    "pct3ResTime" : 4.0,
    "throughput" : 16.658826041551976,
    "receivedKBytesPerSec" : 2.3101106424808404,
    "sentKBytesPerSec" : 2.6192099537986993
  }
}