{
  "SpanNames" : {
    "transaction" : "SpanNames",
    "sampleCount" : 4992,
    "errorCount" : 0,
    "errorPct" : 0.0,
    "meanResTime" : 1.925681089743593,
    "medianResTime" : 2.0,
    "minResTime" : 1.0,
    "maxResTime" : 8.0,
    "pct1ResTime" : 2.0,
    "pct2ResTime" : 3.0,
    "pct3ResTime" : 4.0,
    "throughput" : 16.666889247986752,
    "receivedKBytesPerSec" : 2.2298474872794776,
    "sentKBytesPerSec" : 2.473991372748033
  },
  "Total" : {
    "transaction" : "Total",
    "sampleCount" : 19969,
    "errorCount" : 0,
    "errorPct" : 0.0,
    "meanResTime" : 3.9174720817266624,
    "medianResTime" : 2.0,
    "minResTime" : 1.0,
    "maxResTime" : 199.0,
    "pct1ResTime" : 10.0,
    "pct2ResTime" : 10.0,
    "pct3ResTime" : 13.0,
    "throughput" : 66.6050725121076,
    "receivedKBytesPerSec" : 226.0875278716329,
    "sentKBytesPerSec" : 10.244284334849839
  },
  "ServiceNames" : {
    "transaction" : "ServiceNames",
    "sampleCount" : 4993,
    "errorCount" : 0,
    "errorPct" : 0.0,
    "meanResTime" : 2.137592629681555,
    "medianResTime" : 2.0,
    "minResTime" : 1.0,
    "maxResTime" : 199.0,
    "pct1ResTime" : 3.0,
    "pct2ResTime" : 3.0,
    "pct3ResTime" : 4.0,
    "throughput" : 16.657936791253665,
    "receivedKBytesPerSec" : 2.4889300088494246,
    "sentKBytesPerSec" : 2.17984719729296
  },
  "TracesQuery" : {
    "transaction" : "TracesQuery",
    "sampleCount" : 4991,
    "errorCount" : 0,
    "errorPct" : 0.0,
    "meanResTime" : 9.598076537767971,
    "medianResTime" : 9.0,
    "minResTime" : 6.0,
    "maxResTime" : 58.0,
    "pct1ResTime" : 11.0,
    "pct2ResTime" : 13.0,
    "pct3ResTime" : 18.0,
    "throughput" : 16.669060207002275,
    "receivedKBytesPerSec" : 219.3511584856989,
    "sentKBytesPerSec" : 2.9789433768373206
  },
  "RemoteServiceNames" : {
    "transaction" : "RemoteServiceNames",
    "sampleCount" : 4993,
    "errorCount" : 0,
    "errorPct" : 0.0,
    "meanResTime" : 2.0104145804125744,
    "medianResTime" : 2.0,
    "minResTime" : 1.0,
    "maxResTime" : 24.0,
    "pct1ResTime" : 3.0,
    "pct2ResTime" : 3.0,
    "pct3ResTime" : 4.0,
    "throughput" : 16.66488658665207,
    "receivedKBytesPerSec" : 2.310951069633392,
    "sentKBytesPerSec" : 2.6201628324716633
  }
}