{
  "SpanNames" : {
    "transaction" : "SpanNames",
    "sampleCount" : 38,
    "errorCount" : 1,
    "errorPct" : 2.631579,
    "meanResTime" : 296.1315789473684,
    "medianResTime" : 5.0,
    "minResTime" : 3.0,
    "maxResTime" : 11003.0,
    "pct1ResTime" : 14.0,
    "pct2ResTime" : 573.8999999999688,
    "pct3ResTime" : 11003.0,
    "throughput" : 0.13286481005576828,
    "receivedKBytesPerSec" : 0.017864635233649763,
    "sentKBytesPerSec" : 0.0197221202426531
  },
  "Total" : {
    "transaction" : "Total",
    "sampleCount" : 250,
    "errorCount" : 137,
    "errorPct" : 54.8,
    "meanResTime" : 6131.799999999999,
    "medianResTime" : 11006.0,
    "minResTime" : 3.0,
    "maxResTime" : 11029.0,
    "pct1ResTime" : 11010.0,
    "pct2ResTime" : 11011.0,
    "pct3ResTime" : 11021.86,
    "throughput" : 0.8107354343271869,
    "receivedKBytesPerSec" : 0.12376383114650961,
    "sentKBytesPerSec" : 0.11736662186002166
  },
  "ServiceNames" : {
    "transaction" : "ServiceNames",
    "sampleCount" : 137,
    "errorCount" : 99,
    "errorPct" : 72.26277,
    "meanResTime" : 8131.6715328467135,
    "medianResTime" : 11008.0,
    "minResTime" : 3.0,
    "maxResTime" : 11014.0,
    "pct1ResTime" : 11010.0,
    "pct2ResTime" : 11011.0,
    "pct3ResTime" : 11014.0,
    "throughput" : 0.44428301801129844,
    "receivedKBytesPerSec" : 0.071005856144726,
    "sentKBytesPerSec" : 0.058138598060072245
  },
  "TracesQuery" : {
    "transaction" : "TracesQuery",
    "sampleCount" : 37,
    "errorCount" : 37,
    "errorPct" : 100.0,
    "meanResTime" : 11010.7027027027,
    "medianResTime" : 11010.0,
    "minResTime" : 11006.0,
    "maxResTime" : 11029.0,
    "pct1ResTime" : 11014.2,
    "pct2ResTime" : 11029.0,
    "pct3ResTime" : 11029.0,
    "throughput" : 0.12457996350143773,
    "receivedKBytesPerSec" : 0.019830599658920263,
    "sentKBytesPerSec" : 0.022385462191664592
  },
  "RemoteServiceNames" : {
    "transaction" : "RemoteServiceNames",
    "sampleCount" : 38,
    "errorCount" : 0,
    "errorPct" : 0.0,
    "meanResTime" : 6.894736842105264,
    "medianResTime" : 4.0,
    "minResTime" : 3.0,
    "maxResTime" : 54.0,
    "pct1ResTime" : 16.1,
    "pct2ResTime" : 19.799999999999898,
    "pct3ResTime" : 54.0,
    "throughput" : 0.1328685265929363,
    "receivedKBytesPerSec" : 0.018425127711129835,
    "sentKBytesPerSec" : 0.02089046170064721
  }
}