{
  "SpanNames" : {
    "transaction" : "SpanNames",
    "sampleCount" : 115,
    "errorCount" : 1,
    "errorPct" : 0.8695652,
    "meanResTime" : 276.2782608695652,
    "medianResTime" : 3.0,
    "minResTime" : 1.0,
    "maxResTime" : 10011.0,
    "pct1ResTime" : 11.0,
    "pct2ResTime" : 239.59999999998757,
    "pct3ResTime" : 9935.320000000002,
    "throughput" : 0.3855063038661254,
    "receivedKBytesPerSec" : 0.051661642164668176,
    "sentKBytesPerSec" : 0.05722359198012798
  },
  "Total" : {
    "transaction" : "Total",
    "sampleCount" : 468,
    "errorCount" : 114,
    "errorPct" : 24.358974,
    "meanResTime" : 3253.7307692307654,
    "medianResTime" : 11.0,
    "minResTime" : 1.0,
    "maxResTime" : 10015.0,
    "pct1ResTime" : 10010.0,
    "pct2ResTime" : 10012.0,
    "pct3ResTime" : 10014.0,
    "throughput" : 1.5169145698347926,
    "receivedKBytesPerSec" : 0.5999927122059763,
    "sentKBytesPerSec" : 0.232649783159007
  },
  "ServiceNames" : {
    "transaction" : "ServiceNames",
    "sampleCount" : 123,
    "errorCount" : 7,
    "errorPct" : 5.6910567,
    "meanResTime" : 2507.2195121951218,
    "medianResTime" : 2215.0,
    "minResTime" : 2.0,
    "maxResTime" : 10008.0,
    "pct1ResTime" : 8242.6,
    "pct2ResTime" : 10002.0,
    "pct3ResTime" : 10007.52,
    "throughput" : 0.4122536533047325,
    "receivedKBytesPerSec" : 0.06182561021081914,
    "sentKBytesPerSec" : 0.05394725541292398
  },
  "TracesQuery" : {
    "transaction" : "TracesQuery",
    "sampleCount" : 114,
    "errorCount" : 105,
    "errorPct" : 92.10526,
    "meanResTime" : 9901.745614035088,
    "medianResTime" : 10009.0,
    "minResTime" : 8022.0,
    "maxResTime" : 10015.0,
    "pct1ResTime" : 10012.0,
    "pct2ResTime" : 10013.25,
    "pct3ResTime" : 10015.0,
    "throughput" : 0.36974811720366635,
    "receivedKBytesPerSec" : 0.43833472056448214,
    "sentKBytesPerSec" : 0.06607803266432709
  },
  "RemoteServiceNames" : {
    "transaction" : "RemoteServiceNames",
    "sampleCount" : 116,
    "errorCount" : 1,
    "errorPct" : 0.86206895,
    "meanResTime" : 463.6810344827585,
    "medianResTime" : 4.0,
    "minResTime" : 1.0,
    "maxResTime" : 10012.0,
    "pct1ResTime" : 78.6,
    "pct2ResTime" : 2777.0,
    "pct3ResTime" : 9943.83,
    "throughput" : 0.38885462200648985,
    "receivedKBytesPerSec" : 0.05399194572293438,
    "sentKBytesPerSec" : 0.06113827553031725
  }
}