{
  "SpanNames" : {
    "transaction" : "SpanNames",
    "sampleCount" : 4992,
    "errorCount" : 0,
    "errorPct" : 0.0,
    "meanResTime" : 2.17548076923078,
    "medianResTime" : 2.0,
    "minResTime" : 1.0,
    "maxResTime" : 16.0,
    "pct1ResTime" : 3.0,
    "pct2ResTime" : 3.0,
    "pct3ResTime" : 5.0,
    "throughput" : 16.66021439346407,
    "receivedKBytesPerSec" : 2.2289544647505637,
    "sentKBytesPerSec" : 2.4730005740298227
  },
  "Total" : {
    "transaction" : "Total",
    "sampleCount" : 19973,
    "errorCount" : 0,
    "errorPct" : 0.0,
    "meanResTime" : 9.832774245231054,
    "medianResTime" : 2.0,
    "minResTime" : 1.0,
    "maxResTime" : 83.0,
    "pct1ResTime" : 33.0,
    "pct2ResTime" : 36.0,
    "pct3ResTime" : 40.0,
    "throughput" : 66.61641446062818,
    "receivedKBytesPerSec" : 226.0826629159565,
    "sentKBytesPerSec" : 10.262154986850486
  },
  "ServiceNames" : {
    "transaction" : "ServiceNames",
    "sampleCount" : 4995,
    "errorCount" : 0,
    "errorPct" : 0.0,
    "meanResTime" : 2.186786786786791,
    "medianResTime" : 2.0,
    "minResTime" : 1.0,
    "maxResTime" : 67.0,
    "pct1ResTime" : 3.0,
    "pct2ResTime" : 3.0,
    "pct3ResTime" : 4.0,
    "throughput" : 16.66410894557392,
    "receivedKBytesPerSec" : 2.489852215500791,
    "sentKBytesPerSec" : 2.1806548815497124
  },
  "TracesQuery" : {
    "transaction" : "TracesQuery",
    "sampleCount" : 4991,
    "errorCount" : 0,
    "errorPct" : 0.0,
    "meanResTime" : 32.8208775796433,
    "medianResTime" : 32.0,
    "minResTime" : 26.0,
    "maxResTime" : 83.0,
    "pct1ResTime" : 38.0,
    "pct2ResTime" : 40.0,
    "pct3ResTime" : 46.0,
    "throughput" : 16.659545776199316,
    "receivedKBytesPerSec" : 219.22595638113842,
    "sentKBytesPerSec" : 2.9935121316608138
  },
  "RemoteServiceNames" : {
    "transaction" : "RemoteServiceNames",
    "sampleCount" : 4995,
    "errorCount" : 0,
    "errorPct" : 0.0,
    "meanResTime" : 2.1617617617617526,
    "medianResTime" : 2.0,
    "minResTime" : 1.0,
    "maxResTime" : 11.0,
    "pct1ResTime" : 3.0,
    "pct2ResTime" : 3.0,
    "pct3ResTime" : 4.0,
    "throughput" : 16.66410894557392,
    "receivedKBytesPerSec" : 2.3108432326870085,
    "sentKBytesPerSec" : 2.620040566638087
  }
}