{
  "SpanNames" : {
    "transaction" : "SpanNames",
    "sampleCount" : 9981,
    "errorCount" : 0,
    "errorPct" : 0.0,
    "meanResTime" : 2.1450756437230925,
    "medianResTime" : 2.0,
    "minResTime" : 1.0,
    "maxResTime" : 20.0,
    "pct1ResTime" : 3.0,
    "pct2ResTime" : 3.0,
    "pct3ResTime" : 5.0,
    "throughput" : 2.26810650488219,
    "receivedKBytesPerSec" : 0.30344784293833976,
    "sentKBytesPerSec" : 0.33667205931844996
  },
  "Total" : {
    "transaction" : "Total",
    "sampleCount" : 39929,
    "errorCount" : 0,
    "errorPct" : 0.0,
    "meanResTime" : 7.082371208895766,
    "medianResTime" : 2.0,
    "minResTime" : 1.0,
    "maxResTime" : 409.0,
    "pct1ResTime" : 10.0,
    "pct2ResTime" : 11.0,
    "pct3ResTime" : 16.0,
    "throughput" : 9.073081834748978,
    "receivedKBytesPerSec" : 30.792926534856004,
    "sentKBytesPerSec" : 1.3733513459565492
  },
  "ServiceNames" : {
    "transaction" : "ServiceNames",
    "sampleCount" : 9985,
    "errorCount" : 0,
    "errorPct" : 0.0,
    "meanResTime" : 2.2609914872308496,
    "medianResTime" : 2.0,
    "minResTime" : 1.0,
    "maxResTime" : 409.0,
    "pct1ResTime" : 3.0,
    "pct2ResTime" : 3.0,
    "pct3ResTime" : 4.0,
    "throughput" : 2.268938650262138,
    "receivedKBytesPerSec" : 0.33899891440034124,
    "sentKBytesPerSec" : 0.29691189368664694
  },
  "TracesQuery" : {
    "transaction" : "TracesQuery",
    "sampleCount" : 9978,
    "errorCount" : 0,
    "errorPct" : 0.0,
    "meanResTime" : 21.79194227300051,
    "medianResTime" : 27.0,
    "minResTime" : 6.0,
    "maxResTime" : 214.0,
    "pct1ResTime" : 36.0,
    "pct2ResTime" : 38.0,
    "pct3ResTime" : 43.0,
    "throughput" : 2.2674206556158882,
    "receivedKBytesPerSec" : 29.837395834398528,
    "sentKBytesPerSec" : 0.3830798555365808
  },
  "RemoteServiceNames" : {
    "transaction" : "RemoteServiceNames",
    "sampleCount" : 9985,
    "errorCount" : 0,
    "errorPct" : 0.0,
    "meanResTime" : 2.1398097145718538,
    "medianResTime" : 2.0,
    "minResTime" : 1.0,
    "maxResTime" : 88.0,
    "pct1ResTime" : 3.0,
    "pct2ResTime" : 3.0,
    "pct3ResTime" : 4.0,
    "throughput" : 2.268938650262138,
    "receivedKBytesPerSec" : 0.31463797689181994,
    "sentKBytesPerSec" : 0.35673742450410567
  }
}