{
  "SpanNames" : {
    "transaction" : "SpanNames",
    "sampleCount" : 4992,
    "errorCount" : 0,
    "errorPct" : 0.0,
    "meanResTime" : 1.7958733974358982,
    "medianResTime" : 2.0,
    "minResTime" : 1.0,
    "maxResTime" : 43.0,
    "pct1ResTime" : 2.0,
    "pct2ResTime" : 2.0,
    "pct3ResTime" : 3.0,
    "throughput" : 16.658490924926667,
    "receivedKBytesPerSec" : 2.228723883510697,
    "sentKBytesPerSec" : 2.4727447466688024
  },
  "Total" : {
    "transaction" : "Total",
    "sampleCount" : 19973,
    "errorCount" : 0,
    "errorPct" : 0.0,
    "meanResTime" : 3.8071396385119844,
    "medianResTime" : 2.0,
    "minResTime" : 1.0,
    "maxResTime" : 74.0,
    "pct1ResTime" : 10.0,
    "pct2ResTime" : 11.0,
    "pct3ResTime" : 12.0,
    "throughput" : 66.61197101130266,
    "receivedKBytesPerSec" : 226.06758274593867,
    "sentKBytesPerSec" : 9.903852557480464
  },
  "ServiceNames" : {
    "transaction" : "ServiceNames",
    "sampleCount" : 4995,
    "errorCount" : 0,
    "errorPct" : 0.0,
    "meanResTime" : 1.8608608608608619,
    "medianResTime" : 2.0,
    "minResTime" : 1.0,
    "maxResTime" : 63.0,
    "pct1ResTime" : 2.0,
    "pct2ResTime" : 2.0,
    "pct3ResTime" : 3.0,
    "throughput" : 16.66299713776746,
    "receivedKBytesPerSec" : 2.489686095779708,
    "sentKBytesPerSec" : 2.1805093910750384
  },
  "TracesQuery" : {
    "transaction" : "TracesQuery",
    "sampleCount" : 4991,
    "errorCount" : 0,
    "errorPct" : 0.0,
    "meanResTime" : 9.756361450611053,
    "medianResTime" : 10.0,
    "minResTime" : 7.0,
    "maxResTime" : 74.0,
    "pct1ResTime" : 11.0,
    "pct2ResTime" : 11.0,
    "pct3ResTime" : 12.0,
    "throughput" : 16.66015748872577,
    "receivedKBytesPerSec" : 219.23400601619116,
    "sentKBytesPerSec" : 2.6356889777085692
  },
  "RemoteServiceNames" : {
    "transaction" : "RemoteServiceNames",
    "sampleCount" : 4995,
    "errorCount" : 0,
    "errorPct" : 0.0,
    "meanResTime" : 1.819019019019018,
    "medianResTime" : 2.0,
    "minResTime" : 1.0,
    "maxResTime" : 15.0,
    "pct1ResTime" : 2.0,
    "pct2ResTime" : 2.0,
    "pct3ResTime" : 3.0,
    "throughput" : 16.66266362435451,
    "receivedKBytesPerSec" : 2.3106428072835357,
    "sentKBytesPerSec" : 2.619813323751051
  }
}