{
  "SpanNames" : {
    "transaction" : "SpanNames",
    "sampleCount" : 4992,
    "errorCount" : 0,
    "errorPct" : 0.0,
    "meanResTime" : 2.967347756410267,
    "medianResTime" : 3.0,
    "minResTime" : 1.0,
    "maxResTime" : 89.0,
    "pct1ResTime" : 4.0,
    "pct2ResTime" : 5.0,
    "pct3ResTime" : 9.0,
    "throughput" : 16.663551152295245,
    "receivedKBytesPerSec" : 2.2456738857585385,
    "sentKBytesPerSec" : 2.473495874168825
  },
  "Total" : {
    "transaction" : "Total",
    "sampleCount" : 19967,
    "errorCount" : 0,
    "errorPct" : 0.0,
    "meanResTime" : 6.815745980868425,
    "medianResTime" : 4.0,
    "minResTime" : 1.0,
    "maxResTime" : 189.0,
    "pct1ResTime" : 17.0,
    "pct2ResTime" : 19.0,
    "pct3ResTime" : 22.0,
    "throughput" : 66.59129413961927,
    "receivedKBytesPerSec" : 9.234375442938662,
    "sentKBytesPerSec" : 10.501977955620257
  },
  "ServiceNames" : {
    "transaction" : "ServiceNames",
    "sampleCount" : 4993,
    "errorCount" : 0,
    "errorPct" : 0.0,
    "meanResTime" : 4.851391948728229,
    "medianResTime" : 4.0,
    "minResTime" : 2.0,
    "maxResTime" : 189.0,
    "pct1ResTime" : 7.0,
    "pct2ResTime" : 9.0,
    "pct3ResTime" : 14.0,
    "throughput" : 16.65665866026154,
    "receivedKBytesPerSec" : 2.504910829705431,
    "sentKBytesPerSec" : 2.179679941870163
  },
  "TracesQuery" : {
    "transaction" : "TracesQuery",
    "sampleCount" : 4989,
    "errorCount" : 0,
    "errorPct" : 0.0,
    "meanResTime" : 16.646021246742787,
    "medianResTime" : 15.0,
    "minResTime" : 11.0,
    "maxResTime" : 177.0,
    "pct1ResTime" : 21.0,
    "pct2ResTime" : 22.0,
    "pct3ResTime" : 26.0,
    "throughput" : 16.65937603307165,
    "receivedKBytesPerSec" : 2.1637666136704388,
    "sentKBytesPerSec" : 3.23751545955201
  },
  "RemoteServiceNames" : {
    "transaction" : "RemoteServiceNames",
    "sampleCount" : 4993,
    "errorCount" : 0,
    "errorPct" : 0.0,
    "meanResTime" : 2.8053274584418295,
    "medianResTime" : 3.0,
    "minResTime" : 1.0,
    "maxResTime" : 40.0,
    "pct1ResTime" : 4.0,
    "pct2ResTime" : 4.0,
    "pct3ResTime" : 6.0,
    "throughput" : 16.663384939877652,
    "receivedKBytesPerSec" : 2.3270156703149456,
    "sentKBytesPerSec" : 2.6199267337112326
  }
}