{
  "SpanNames" : {
    "transaction" : "SpanNames",
    "sampleCount" : 67181,
    "errorCount" : 0,
    "errorPct" : 0.0,
    "meanResTime" : 3.2942052068292846,
    "medianResTime" : 3.0,
    "minResTime" : 1.0,
    "maxResTime" : 134.0,
    "pct1ResTime" : 6.0,
    "pct2ResTime" : 8.0,
    "pct3ResTime" : 17.0,
    "throughput" : 4.763717661110426,
    "receivedKBytesPerSec" : 0.6419853879230848,
    "sentKBytesPerSec" : 0.7071143403210789
  },
  "Total" : {
    "transaction" : "Total",
    "sampleCount" : 292342,
    "errorCount" : 4508,
    "errorPct" : 1.5420295,
    "meanResTime" : 19.272889287205178,
    "medianResTime" : 4.0,
    "minResTime" : 1.0,
    "maxResTime" : 772.0,
    "pct1ResTime" : 31.0,
    "pct2ResTime" : 33.0,
    "pct3ResTime" : 38.0,
    "throughput" : 1.7216843335217796E-8,
    "receivedKBytesPerSec" : 2.548905650405053E-9,
    "sentKBytesPerSec" : 2.7277354661702164E-9
  },
  "ServiceNames" : {
    "transaction" : "ServiceNames",
    "sampleCount" : 78718,
    "errorCount" : 4508,
    "errorPct" : 5.7267714,
    "meanResTime" : 39.93192154272227,
    "medianResTime" : 4.0,
    "minResTime" : 1.0,
    "maxResTime" : 772.0,
    "pct1ResTime" : 7.0,
    "pct2ResTime" : 10.0,
    "pct3ResTime" : 21.0,
    "throughput" : 4.635924614532549E-9,
    "receivedKBytesPerSec" : 8.579677257841848E-10,
    "sentKBytesPerSec" : 6.066541976048452E-10
  },
  "TracesQuery" : {
    "transaction" : "TracesQuery",
    "sampleCount" : 81111,
    "errorCount" : 0,
    "errorPct" : 0.0,
    "meanResTime" : 25.38091011083579,
    "medianResTime" : 25.0,
    "minResTime" : 11.0,
    "maxResTime" : 479.0,
    "pct1ResTime" : 36.0,
    "pct2ResTime" : 38.0,
    "pct3ResTime" : 41.0,
    "throughput" : 5.751537902280938,
    "receivedKBytesPerSec" : 0.7470259189485984,
    "sentKBytesPerSec" : 1.1183738198404196
  },
  "RemoteServiceNames" : {
    "transaction" : "RemoteServiceNames",
    "sampleCount" : 65332,
    "errorCount" : 0,
    "errorPct" : 0.0,
    "meanResTime" : 3.228662829853699,
    "medianResTime" : 3.0,
    "minResTime" : 1.0,
    "maxResTime" : 129.0,
    "pct1ResTime" : 4.0,
    "pct2ResTime" : 5.0,
    "pct3ResTime" : 6.0,
    "throughput" : 4.632558850593312,
    "receivedKBytesPerSec" : 0.6469296051121519,
    "sentKBytesPerSec" : 0.7283613036577374
  }
}