{
  "SpanNames" : {
    "transaction" : "SpanNames",
    "sampleCount" : 52206,
    "errorCount" : 0,
    "errorPct" : 0.0,
    "meanResTime" : 3.1109451020955126,
    "medianResTime" : 2.0,
    "minResTime" : 1.0,
    "maxResTime" : 134.0,
    "pct1ResTime" : 4.0,
    "pct2ResTime" : 5.0,
    "pct3ResTime" : 8.0,
    "throughput" : 4.143580961624135,
    "receivedKBytesPerSec" : 0.5584122780313776,
    "sentKBytesPerSec" : 0.6150627989910826
  },
  "Total" : {
    "transaction" : "Total",
    "sampleCount" : 232445,
    "errorCount" : 4508,
    "errorPct" : 1.9393835,
    "meanResTime" : 21.958015874723646,
    "medianResTime" : 4.0,
    "minResTime" : 1.0,
    "maxResTime" : 772.0,
    "pct1ResTime" : 34.0,
    "pct2ResTime" : 37.0,
    "pct3ResTime" : 40.0,
    "throughput" : 1.3689340392604213E-8,
    "receivedKBytesPerSec" : 2.0597362349212963E-9,
    "sentKBytesPerSec" : 2.1714098375330626E-9
  },
  "ServiceNames" : {
    "transaction" : "ServiceNames",
    "sampleCount" : 63741,
    "errorCount" : 4508,
    "errorPct" : 7.072371,
    "meanResTime" : 48.101849672895476,
    "medianResTime" : 4.0,
    "minResTime" : 1.0,
    "maxResTime" : 772.0,
    "pct1ResTime" : 6.0,
    "pct2ResTime" : 6.0,
    "pct3ResTime" : 10.9900000000016,
    "throughput" : 3.753886923637786E-9,
    "receivedKBytesPerSec" : 7.253175261769645E-10,
    "sentKBytesPerSec" : 4.912312966479134E-10
  },
  "TracesQuery" : {
    "transaction" : "TracesQuery",
    "sampleCount" : 66141,
    "errorCount" : 0,
    "errorPct" : 0.0,
    "meanResTime" : 25.834202688196513,
    "medianResTime" : 34.0,
    "minResTime" : 11.0,
    "maxResTime" : 479.0,
    "pct1ResTime" : 38.0,
    "pct2ResTime" : 39.0,
    "pct3ResTime" : 42.0,
    "throughput" : 5.249676940210068,
    "receivedKBytesPerSec" : 0.681842805710878,
    "sentKBytesPerSec" : 1.0209209644919173
  },
  "RemoteServiceNames" : {
    "transaction" : "RemoteServiceNames",
    "sampleCount" : 50357,
    "errorCount" : 0,
    "errorPct" : 0.0,
    "meanResTime" : 3.313561173223206,
    "medianResTime" : 3.0,
    "minResTime" : 1.0,
    "maxResTime" : 129.0,
    "pct1ResTime" : 5.0,
    "pct2ResTime" : 10.0,
    "pct3ResTime" : 18.0,
    "throughput" : 3.996768742200043,
    "receivedKBytesPerSec" : 0.5581425098970763,
    "sentKBytesPerSec" : 0.6283982104435614
  }
}