{
  "SpanNames" : {
    "transaction" : "SpanNames",
    "sampleCount" : 73,
    "errorCount" : 0,
    "errorPct" : 0.0,
    "meanResTime" : 5.958904109589041,
    "medianResTime" : 6.0,
    "minResTime" : 4.0,
    "maxResTime" : 8.0,
    "pct1ResTime" : 7.6000000000000085,
    "pct2ResTime" : 8.0,
    "pct3ResTime" : 8.0,
    "throughput" : 0.24505854549360834,
    "receivedKBytesPerSec" : 0.031589578130035455,
    "sentKBytesPerSec" : 0.03637587784670749
  },
  "Total" : {
    "transaction" : "Total",
    "sampleCount" : 292,
    "errorCount" : 0,
    "errorPct" : 0.0,
    "meanResTime" : 790.7363013698624,
    "medianResTime" : 7.0,
    "minResTime" : 4.0,
    "maxResTime" : 3420.0,
    "pct1ResTime" : 3214.4,
    "pct2ResTime" : 3252.75,
    "pct3ResTime" : 3384.19,
    "throughput" : 0.9672941932534543,
    "receivedKBytesPerSec" : 0.12469026709907809,
    "sentKBytesPerSec" : 0.15255665254925085
  },
  "ServiceNames" : {
    "transaction" : "ServiceNames",
    "sampleCount" : 73,
    "errorCount" : 0,
    "errorPct" : 0.0,
    "meanResTime" : 7.027397260273972,
    "medianResTime" : 6.0,
    "minResTime" : 4.0,
    "maxResTime" : 55.0,
    "pct1ResTime" : 8.600000000000009,
    "pct2ResTime" : 11.299999999999997,
    "pct3ResTime" : 55.0,
    "throughput" : 0.24515401045094906,
    "receivedKBytesPerSec" : 0.03160188415969265,
    "sentKBytesPerSec" : 0.03208070058635466
  },
  "TracesQuery" : {
    "transaction" : "TracesQuery",
    "sampleCount" : 73,
    "errorCount" : 0,
    "errorPct" : 0.0,
    "meanResTime" : 3143.3835616438364,
    "medianResTime" : 3204.0,
    "minResTime" : 2935.0,
    "maxResTime" : 3420.0,
    "pct1ResTime" : 3267.6,
    "pct2ResTime" : 3377.4,
    "pct3ResTime" : 3420.0,
    "throughput" : 0.2425265284154712,
    "receivedKBytesPerSec" : 0.03126318530355684,
    "sentKBytesPerSec" : 0.047131620268240984
  },
  "RemoteServiceNames" : {
    "transaction" : "RemoteServiceNames",
    "sampleCount" : 73,
    "errorCount" : 0,
    "errorPct" : 0.0,
    "meanResTime" : 6.5753424657534225,
    "medianResTime" : 6.0,
    "minResTime" : 4.0,
    "maxResTime" : 13.0,
    "pct1ResTime" : 9.600000000000009,
    "pct2ResTime" : 11.0,
    "pct3ResTime" : 13.0,
    "throughput" : 0.2449368532660484,
    "receivedKBytesPerSec" : 0.03157389124132655,
    "sentKBytesPerSec" : 0.038510579468587686
  }
}