{
  "SpanNames" : {
    "transaction" : "SpanNames",
    "sampleCount" : 15567,
    "errorCount" : 0,
    "errorPct" : 0.0,
    "meanResTime" : 3.7156806064109995,
    "medianResTime" : 3.0,
    "minResTime" : 1.0,
    "maxResTime" : 134.0,
    "pct1ResTime" : 5.0,
    "pct2ResTime" : 8.0,
    "pct3ResTime" : 18.0,
    "throughput" : 2.7543895595418446,
    "receivedKBytesPerSec" : 0.37119703048513136,
    "sentKBytesPerSec" : 0.40885470024449255
  },
  "Total" : {
    "transaction" : "Total",
    "sampleCount" : 62301,
    "errorCount" : 3801,
    "errorPct" : 6.1010256,
    "meanResTime" : 45.28444166225265,
    "medianResTime" : 4.0,
    "minResTime" : 1.0,
    "maxResTime" : 772.0,
    "pct1ResTime" : 16.0,
    "pct2ResTime" : 18.0,
    "pct3ResTime" : 633.0,
    "throughput" : 11.022564401793092,
    "receivedKBytesPerSec" : 1.9357584229705849,
    "sentKBytesPerSec" : 1.7398589280365484
  },
  "ServiceNames" : {
    "transaction" : "ServiceNames",
    "sampleCount" : 15594,
    "errorCount" : 3801,
    "errorPct" : 24.37476,
    "meanResTime" : 155.16070283442394,
    "medianResTime" : 5.0,
    "minResTime" : 1.0,
    "maxResTime" : 772.0,
    "pct1ResTime" : 628.0,
    "pct2ResTime" : 661.0,
    "pct3ResTime" : 701.0,
    "throughput" : 2.758958432152959,
    "receivedKBytesPerSec" : 0.8220928497259353,
    "sentKBytesPerSec" : 0.36103557608251613
  },
  "TracesQuery" : {
    "transaction" : "TracesQuery",
    "sampleCount" : 15561,
    "errorCount" : 0,
    "errorPct" : 0.0,
    "meanResTime" : 18.422723475355003,
    "medianResTime" : 16.0,
    "minResTime" : 11.0,
    "maxResTime" : 287.0,
    "pct1ResTime" : 28.0,
    "pct2ResTime" : 34.0,
    "pct3ResTime" : 42.0,
    "throughput" : 2.7534122157651737,
    "receivedKBytesPerSec" : 0.3576209225554376,
    "sentKBytesPerSec" : 0.5366922194495723
  },
  "RemoteServiceNames" : {
    "transaction" : "RemoteServiceNames",
    "sampleCount" : 15579,
    "errorCount" : 0,
    "errorPct" : 0.0,
    "meanResTime" : 3.669811926311059,
    "medianResTime" : 3.0,
    "minResTime" : 1.0,
    "maxResTime" : 116.0,
    "pct1ResTime" : 5.0,
    "pct2ResTime" : 7.0,
    "pct3ResTime" : 16.0,
    "throughput" : 2.7564976926562577,
    "receivedKBytesPerSec" : 0.3849405957518016,
    "sentKBytesPerSec" : 0.4333946567555249
  }
}