{
  "SpanNames" : {
    "transaction" : "SpanNames",
    "sampleCount" : 59697,
    "errorCount" : 0,
    "errorPct" : 0.0,
    "meanResTime" : 3.2947049265456947,
    "medianResTime" : 3.0,
    "minResTime" : 1.0,
    "maxResTime" : 134.0,
    "pct1ResTime" : 6.0,
    "pct2ResTime" : 8.0,
    "pct3ResTime" : 17.0,
    "throughput" : 4.490513595393419,
    "receivedKBytesPerSec" : 0.6051668712541913,
    "sentKBytesPerSec" : 0.6665606118162107
  },
  "Total" : {
    "transaction" : "Total",
    "sampleCount" : 262409,
    "errorCount" : 4508,
    "errorPct" : 1.7179289,
    "meanResTime" : 20.404303968233293,
    "medianResTime" : 4.0,
    "minResTime" : 1.0,
    "maxResTime" : 772.0,
    "pct1ResTime" : 25.0,
    "pct2ResTime" : 27.0,
    "pct3ResTime" : 32.0,
    "throughput" : 1.5454004702544166E-8,
    "receivedKBytesPerSec" : 2.3044479590518676E-9,
    "sentKBytesPerSec" : 2.449716116819534E-9
  },
  "ServiceNames" : {
    "transaction" : "ServiceNames",
    "sampleCount" : 71234,
    "errorCount" : 4508,
    "errorPct" : 6.3284388,
    "meanResTime" : 43.56488474604869,
    "medianResTime" : 4.0,
    "minResTime" : 1.0,
    "maxResTime" : 772.0,
    "pct1ResTime" : 6.0,
    "pct2ResTime" : 8.0,
    "pct3ResTime" : 13.0,
    "throughput" : 4.19517078675286E-9,
    "receivedKBytesPerSec" : 7.916824821532549E-10,
    "sentKBytesPerSec" : 5.489774271727375E-10
  },
  "TracesQuery" : {
    "transaction" : "TracesQuery",
    "sampleCount" : 73630,
    "errorCount" : 0,
    "errorPct" : 0.0,
    "meanResTime" : 25.339440445470665,
    "medianResTime" : 24.0,
    "minResTime" : 11.0,
    "maxResTime" : 479.0,
    "pct1ResTime" : 37.0,
    "pct2ResTime" : 38.0,
    "pct3ResTime" : 41.0,
    "throughput" : 5.538677162596545,
    "receivedKBytesPerSec" : 0.719378967407559,
    "sentKBytesPerSec" : 1.077046462885522
  },
  "RemoteServiceNames" : {
    "transaction" : "RemoteServiceNames",
    "sampleCount" : 57848,
    "errorCount" : 0,
    "errorPct" : 0.0,
    "meanResTime" : 3.259317521781246,
    "medianResTime" : 3.0,
    "minResTime" : 1.0,
    "maxResTime" : 129.0,
    "pct1ResTime" : 5.0,
    "pct2ResTime" : 10.0,
    "pct3ResTime" : 18.0,
    "throughput" : 4.35136701961974,
    "receivedKBytesPerSec" : 0.6076616052789285,
    "sentKBytesPerSec" : 0.6841504786706818
  }
}