{
  "SpanNames" : {
    "transaction" : "SpanNames",
    "sampleCount" : 12509,
    "errorCount" : 0,
    "errorPct" : 0.0,
    "meanResTime" : 2.29530737868735,
    "medianResTime" : 2.0,
    "minResTime" : 1.0,
    "maxResTime" : 29.0,
    "pct1ResTime" : 3.0,
    "pct2ResTime" : 4.0,
    "pct3ResTime" : 8.0,
    "throughput" : 1.3942480829785482,
    "receivedKBytesPerSec" : 0.18649541466369127,
    "sentKBytesPerSec" : 0.20695869981712822
  },
  "Total" : {
    "transaction" : "Total",
    "sampleCount" : 50048,
    "errorCount" : 0,
    "errorPct" : 0.0,
    "meanResTime" : 15.026914162404099,
    "medianResTime" : 2.0,
    "minResTime" : 0.0,
    "maxResTime" : 3420.0,
    "pct1ResTime" : 31.0,
    "pct2ResTime" : 32.0,
    "pct3ResTime" : 38.0,
    "throughput" : 5.577959925353771,
    "receivedKBytesPerSec" : 18.81784498389432,
    "sentKBytesPerSec" : 0.8593706159230539
  },
  "ServiceNames" : {
    "transaction" : "ServiceNames",
    "sampleCount" : 12521,
    "errorCount" : 0,
    "errorPct" : 0.0,
    "meanResTime" : 2.3642680297100838,
    "medianResTime" : 2.0,
    "minResTime" : 1.0,
    "maxResTime" : 70.0,
    "pct1ResTime" : 3.0,
    "pct2ResTime" : 4.0,
    "pct3ResTime" : 8.0,
    "throughput" : 1.3954930511779606,
    "receivedKBytesPerSec" : 0.20833943418056328,
    "sentKBytesPerSec" : 0.18261334849399094
  },
  "TracesQuery" : {
    "transaction" : "TracesQuery",
    "sampleCount" : 12502,
    "errorCount" : 0,
    "errorPct" : 0.0,
    "meanResTime" : 53.219804831227,
    "medianResTime" : 33.0,
    "minResTime" : 25.0,
    "maxResTime" : 3420.0,
    "pct1ResTime" : 43.0,
    "pct2ResTime" : 48.0,
    "pct3ResTime" : 86.93999999999869,
    "throughput" : 1.3935185004572797,
    "receivedKBytesPerSec" : 18.231535015154876,
    "sentKBytesPerSec" : 0.2505170476331531
  },
  "RemoteServiceNames" : {
    "transaction" : "RemoteServiceNames",
    "sampleCount" : 12516,
    "errorCount" : 0,
    "errorPct" : 0.0,
    "meanResTime" : 2.2689357622243516,
    "medianResTime" : 2.0,
    "minResTime" : 0.0,
    "maxResTime" : 28.0,
    "pct1ResTime" : 3.0,
    "pct2ResTime" : 4.0,
    "pct3ResTime" : 8.0,
    "throughput" : 1.3949505598359226,
    "receivedKBytesPerSec" : 0.19336095559184477,
    "sentKBytesPerSec" : 0.21932328138045268
  }
}