{
  "SpanNames" : {
    "transaction" : "SpanNames",
    "sampleCount" : 4992,
    "errorCount" : 0,
    "errorPct" : 0.0,
    "meanResTime" : 1.7982772435897383,
    "medianResTime" : 2.0,
    "minResTime" : 1.0,
    "maxResTime" : 32.0,
    "pct1ResTime" : 2.0,
    "pct2ResTime" : 2.0,
    "pct3ResTime" : 3.0,
    "throughput" : 16.66071482209547,
    "receivedKBytesPerSec" : 2.2290214166280076,
    "sentKBytesPerSec" : 2.4730748564047964
  },
  "Total" : {
    "transaction" : "Total",
    "sampleCount" : 19973,
    "errorCount" : 0,
    "errorPct" : 0.0,
    "meanResTime" : 3.247634306313523,
    "medianResTime" : 2.0,
    "minResTime" : 1.0,
    "maxResTime" : 68.0,
    "pct1ResTime" : 8.0,
    "pct2ResTime" : 8.0,
    "pct3ResTime" : 10.0,
    "throughput" : 66.61930302059984,
    "receivedKBytesPerSec" : 226.0924661053908,
    "sentKBytesPerSec" : 9.904942678939522
  },
  "ServiceNames" : {
    "transaction" : "ServiceNames",
    "sampleCount" : 4995,
    "errorCount" : 0,
    "errorPct" : 0.0,
    "meanResTime" : 1.9275275275275308,
    "medianResTime" : 2.0,
    "minResTime" : 1.0,
    "maxResTime" : 68.0,
    "pct1ResTime" : 2.0,
    "pct2ResTime" : 3.0,
    "pct3ResTime" : 3.0,
    "throughput" : 16.664776101476644,
    "receivedKBytesPerSec" : 2.4899518979745374,
    "sentKBytesPerSec" : 2.18074218515417
  },
  "TracesQuery" : {
    "transaction" : "TracesQuery",
    "sampleCount" : 4991,
    "errorCount" : 0,
    "errorPct" : 0.0,
    "meanResTime" : 7.494490082147884,
    "medianResTime" : 7.0,
    "minResTime" : 5.0,
    "maxResTime" : 61.0,
    "pct1ResTime" : 9.0,
    "pct2ResTime" : 9.0,
    "pct3ResTime" : 11.0,
    "throughput" : 16.661881647559973,
    "receivedKBytesPerSec" : 219.25669453210025,
    "sentKBytesPerSec" : 2.6359617450241366
  },
  "RemoteServiceNames" : {
    "transaction" : "RemoteServiceNames",
    "sampleCount" : 4995,
    "errorCount" : 0,
    "errorPct" : 0.0,
    "meanResTime" : 1.7727727727727738,
    "medianResTime" : 2.0,
    "minResTime" : 1.0,
    "maxResTime" : 21.0,
    "pct1ResTime" : 2.0,
    "pct2ResTime" : 2.0,
    "pct3ResTime" : 3.0,
    "throughput" : 16.664664905116503,
    "receivedKBytesPerSec" : 2.3109203286392024,
    "sentKBytesPerSec" : 2.6201279782458564
  }
}