{
  "SpanNames" : {
    "transaction" : "SpanNames",
    "sampleCount" : 350,
    "errorCount" : 0,
    "errorPct" : 0.0,
    "meanResTime" : 3.0942857142857143,
    "medianResTime" : 3.0,
    "minResTime" : 1.0,
    "maxResTime" : 11.0,
    "pct1ResTime" : 4.0,
    "pct2ResTime" : 5.0,
    "pct3ResTime" : 7.0,
    "throughput" : 1.1696883616008023,
    "receivedKBytesPerSec" : 0.1564915093157323,
    "sentKBytesPerSec" : 0.17362561617511904
  },
  "Total" : {
    "transaction" : "Total",
    "sampleCount" : 1400,
    "errorCount" : 0,
    "errorPct" : 0.0,
    "meanResTime" : 1023.6871428571426,
    "medianResTime" : 3.0,
    "minResTime" : 1.0,
    "maxResTime" : 5710.0,
    "pct1ResTime" : 4133.9,
    "pct2ResTime" : 4207.9,
    "pct3ResTime" : 4341.87,
    "throughput" : 4.621499214345134,
    "receivedKBytesPerSec" : 15.691208392064885,
    "sentKBytesPerSec" : 0.6860037896293557
  },
  "ServiceNames" : {
    "transaction" : "ServiceNames",
    "sampleCount" : 350,
    "errorCount" : 0,
    "errorPct" : 0.0,
    "meanResTime" : 3.1800000000000015,
    "medianResTime" : 3.0,
    "minResTime" : 1.0,
    "maxResTime" : 69.0,
    "pct1ResTime" : 4.0,
    "pct2ResTime" : 5.0,
    "pct3ResTime" : 10.470000000000027,
    "throughput" : 1.1696883616008023,
    "receivedKBytesPerSec" : 0.17476788996574483,
    "sentKBytesPerSec" : 0.15306468794385494
  },
  "TracesQuery" : {
    "transaction" : "TracesQuery",
    "sampleCount" : 350,
    "errorCount" : 0,
    "errorPct" : 0.0,
    "meanResTime" : 4085.342857142857,
    "medianResTime" : 4102.0,
    "minResTime" : 3388.0,
    "maxResTime" : 5710.0,
    "pct1ResTime" : 4266.9,
    "pct2ResTime" : 4314.099999999999,
    "pct3ResTime" : 5098.920000000002,
    "throughput" : 1.1562412249549892,
    "receivedKBytesPerSec" : 15.215186041277812,
    "sentKBytesPerSec" : 0.18179183322046216
  },
  "RemoteServiceNames" : {
    "transaction" : "RemoteServiceNames",
    "sampleCount" : 350,
    "errorCount" : 0,
    "errorPct" : 0.0,
    "meanResTime" : 3.131428571428569,
    "medianResTime" : 3.0,
    "minResTime" : 1.0,
    "maxResTime" : 11.0,
    "pct1ResTime" : 4.0,
    "pct2ResTime" : 4.449999999999989,
    "pct3ResTime" : 8.490000000000009,
    "throughput" : 1.1696922706734754,
    "receivedKBytesPerSec" : 0.16220342034729834,
    "sentKBytesPerSec" : 0.1839066949008101
  }
}