{
  "SpanNames" : {
    "transaction" : "SpanNames",
    "sampleCount" : 109,
    "errorCount" : 0,
    "errorPct" : 0.0,
    "meanResTime" : 333.8165137614679,
    "medianResTime" : 5.0,
    "minResTime" : 1.0,
    "maxResTime" : 5678.0,
    "pct1ResTime" : 360.0,
    "pct2ResTime" : 3418.5,
    "pct3ResTime" : 5677.9,
    "throughput" : 0.3927559940329915,
    "receivedKBytesPerSec" : 0.05293000700835237,
    "sentKBytesPerSec" : 0.058299717864272176
  },
  "Total" : {
    "transaction" : "Total",
    "sampleCount" : 451,
    "errorCount" : 111,
    "errorPct" : 24.611973,
    "meanResTime" : 3340.6651884700664,
    "medianResTime" : 13.0,
    "minResTime" : 1.0,
    "maxResTime" : 10033.0,
    "pct1ResTime" : 10010.0,
    "pct2ResTime" : 10012.0,
    "pct3ResTime" : 10013.48,
    "throughput" : 1.4784219239153595,
    "receivedKBytesPerSec" : 0.5576511049237023,
    "sentKBytesPerSec" : 0.22626555047450458
  },
  "ServiceNames" : {
    "transaction" : "ServiceNames",
    "sampleCount" : 124,
    "errorCount" : 10,
    "errorPct" : 8.064516,
    "meanResTime" : 2666.9758064516127,
    "medianResTime" : 497.0,
    "minResTime" : 2.0,
    "maxResTime" : 10014.0,
    "pct1ResTime" : 8317.0,
    "pct2ResTime" : 10007.5,
    "pct3ResTime" : 10014.0,
    "throughput" : 0.40648407664191705,
    "receivedKBytesPerSec" : 0.06145152103719002,
    "sentKBytesPerSec" : 0.05319225221681336
  },
  "TracesQuery" : {
    "transaction" : "TracesQuery",
    "sampleCount" : 109,
    "errorCount" : 101,
    "errorPct" : 92.66055,
    "meanResTime" : 9961.155963302755,
    "medianResTime" : 10007.0,
    "minResTime" : 8605.0,
    "maxResTime" : 10033.0,
    "pct1ResTime" : 10012.0,
    "pct2ResTime" : 10013.0,
    "pct3ResTime" : 10031.0,
    "throughput" : 0.37908692219675655,
    "receivedKBytesPerSec" : 0.42241075372218145,
    "sentKBytesPerSec" : 0.06774697925977193
  },
  "RemoteServiceNames" : {
    "transaction" : "RemoteServiceNames",
    "sampleCount" : 109,
    "errorCount" : 0,
    "errorPct" : 0.0,
    "meanResTime" : 493.42201834862385,
    "medianResTime" : 6.0,
    "minResTime" : 2.0,
    "maxResTime" : 9504.0,
    "pct1ResTime" : 2287.0,
    "pct2ResTime" : 4202.5,
    "pct3ResTime" : 9160.40000000002,
    "throughput" : 0.39275457883377113,
    "receivedKBytesPerSec" : 0.054847563255106715,
    "sentKBytesPerSec" : 0.0617514523361691
  }
}