{
  "SpanNames" : {
    "transaction" : "SpanNames",
    "sampleCount" : 44,
    "errorCount" : 0,
    "errorPct" : 0.0,
    "meanResTime" : 4.159090909090909,
    "medianResTime" : 4.0,
    "minResTime" : 3.0,
    "maxResTime" : 10.0,
    "pct1ResTime" : 6.0,
    "pct2ResTime" : 6.0,
    "pct3ResTime" : 10.0,
    "throughput" : 0.14978570431621124,
    "receivedKBytesPerSec" : 0.020185964058239407,
    "sentKBytesPerSec" : 0.022233815484437605
  },
  "Total" : {
    "transaction" : "Total",
    "sampleCount" : 176,
    "errorCount" : 0,
    "errorPct" : 0.0,
    "meanResTime" : 1658.517045454545,
    "medianResTime" : 5.0,
    "minResTime" : 2.0,
    "maxResTime" : 8004.0,
    "pct1ResTime" : 7389.5,
    "pct2ResTime" : 7476.9,
    "pct3ResTime" : 7758.369999999997,
    "throughput" : 0.5842440015402797,
    "receivedKBytesPerSec" : 1.984232984723347,
    "sentKBytesPerSec" : 0.08986174828378324
  },
  "ServiceNames" : {
    "transaction" : "ServiceNames",
    "sampleCount" : 44,
    "errorCount" : 0,
    "errorPct" : 0.0,
    "meanResTime" : 5.136363636363637,
    "medianResTime" : 4.0,
    "minResTime" : 2.0,
    "maxResTime" : 49.0,
    "pct1ResTime" : 5.0,
    "pct2ResTime" : 8.5,
    "pct3ResTime" : 49.0,
    "throughput" : 0.1497959030820507,
    "receivedKBytesPerSec" : 0.02252789948694903,
    "sentKBytesPerSec" : 0.019602198254877728
  },
  "TracesQuery" : {
    "transaction" : "TracesQuery",
    "sampleCount" : 44,
    "errorCount" : 0,
    "errorPct" : 0.0,
    "meanResTime" : 6620.363636363637,
    "medianResTime" : 7340.0,
    "minResTime" : 2287.0,
    "maxResTime" : 8004.0,
    "pct1ResTime" : 7560.0,
    "pct2ResTime" : 7668.5,
    "pct3ResTime" : 8004.0,
    "throughput" : 0.1461609497804264,
    "receivedKBytesPerSec" : 1.9235009367588145,
    "sentKBytesPerSec" : 0.02612056036115042
  },
  "RemoteServiceNames" : {
    "transaction" : "RemoteServiceNames",
    "sampleCount" : 44,
    "errorCount" : 0,
    "errorPct" : 0.0,
    "meanResTime" : 4.409090909090909,
    "medianResTime" : 4.0,
    "minResTime" : 3.0,
    "maxResTime" : 9.0,
    "pct1ResTime" : 6.0,
    "pct2ResTime" : 6.0,
    "pct3ResTime" : 9.0,
    "throughput" : 0.14978519441437393,
    "receivedKBytesPerSec" : 0.020917268360601045,
    "sentKBytesPerSec" : 0.023550211231166213
  }
}